dbf,card_id,name,type,cost,in_client,4533,4546,4547,4548,4577,4578,4930,4931,4932,4975
122966,CATA_130,炫晶小熊,随从,1,是,1,0,0,1,0,0,0,0,0,0
129170,CORE_ULD_133,水晶商人,随从,2,是,1,0,0,0,1,0,0,0,0,0
126225,JAIL_872,蜘蛛骑手,随从,2,是,1,0,0,0,0,0,0,0,1,0
117650,TLC_232,待哺群雏,法术,2,是,1,1,0,0,0,0,0,0,0,0
118490,DINO_130,长颈龙蛋,随从,2,是,1,0,0,0,0,0,0,0,0,0
129893,BE_855,始生怪熊,随从,3,是,1,0,0,1,0,1,0,0,0,0
114912,EDR_847,梦缚信徒,随从,3,是,1,0,0,0,0,0,0,0,0,0
117652,TLC_233,孵化辅助师,随从,3,是,1,0,0,0,0,0,0,0,0,0
117657,TLC_237,啸天龙蛋,随从,3,是,1,0,0,0,0,0,0,0,0,0
134936,BE_859,觅食的狐龙,随从,4,是,1,0,0,0,0,0,0,0,0,0
123482,MEND_045,播种的绿龙,随从,4,是,1,0,0,0,0,0,0,0,0,0
122970,CATA_133,彩翼灵龙,随从,5,是,1,0,0,0,1,0,0,0,0,0
129171,CORE_RLK_657,地底虫王,随从,7,是,1,0,0,0,0,0,0,0,0,0
118617,DINO_421,震地雷龙,随从,8,是,1,0,0,0,0,0,0,0,0,0
118575,TLC_257,洛，在世传奇,随从,9,是,1,0,0,0,0,0,0,0,0,0
121106,END_008,永存蟑螂,随从,3,是,1,0,0,0,0,1,0,0,0,0
69586,CORE_BT_351,战斗邪犬,随从,1,是,1,0,0,1,0,0,0,0,1,0
69683,CORE_BT_480,火色魔印奔行者,随从,1,是,1,0,0,0,0,0,0,0,0,0
122773,CATA_528,海洋咒符,法术,1,是,1,1,0,0,0,0,0,0,0,0
120993,TIME_444,迷时战刃,武器,1,是,1,1,0,0,0,0,0,0,0,0
115626,FIR_902,燃薪咒符,法术,2,是,1,1,0,0,0,0,0,0,0,0
115628,FIR_904,邪火爆焰,随从,2,是,1,0,0,0,0,0,0,0,0,0
129167,CORE_BT_321,虚无行者,随从,2,是,1,0,0,0,0,1,0,0,0,0
130785,BE_264,盲眼掠心者,随从,3,是,1,0,0,0,0,0,0,0,0,0
117813,TLC_833,昆虫利爪,武器,3,是,1,1,0,0,0,0,0,0,1,0
126663,JAIL_733,邪恶的虚鳞纳迦,随从,3,是,1,0,0,0,0,0,0,1,0,0
117030,CORE_WC_701,邪能响尾蛇,随从,3,是,1,0,0,0,0,0,0,0,0,0
119754,TLC_840,格里什掘洞虫,随从,3,是,1,0,0,0,0,0,0,0,0,1
114496,EDR_890,梦魇龙裔,随从,3,是,1,0,0,0,0,0,0,0,0,0
130680,BE_873,孵化咒符,法术,4,是,1,1,0,0,0,0,0,0,0,0
114663,EDR_841,恐魂腐蚀者,随从,4,是,1,0,0,0,0,0,0,0,0,0
69588,CORE_BT_416,暴怒邪吼者,随从,4,是,1,0,0,0,0,0,0,0,0,0
127589,CORE_TTN_843,艾瑞达欺诈者,随从,4,是,1,0,0,0,0,0,0,0,0,0
115749,FIR_952,灼热掠夺者,随从,4,是,1,0,0,0,0,0,0,0,0,0
126660,JAIL_730,星尘之镰,武器,4,是,1,1,0,0,0,0,0,1,1,0
120179,TIME_021,末日准备狂,随从,5,是,1,0,0,0,0,0,0,0,0,0
117869,TLC_630,格里什异种虫,随从,5,是,1,0,0,0,0,0,0,1,0,0
129168,CORE_BT_510,怒刺蛮兵,随从,5,是,1,0,0,0,0,0,0,0,0,0
117687,TLC_903,异种虫女王,随从,5,是,1,0,0,1,0,1,0,0,0,0
118507,DINO_138,魔神暴龙,随从,6,是,1,0,0,0,0,0,0,0,0,0
129169,CORE_TTN_866,神秘恐魔,随从,7,是,1,0,0,1,1,0,0,0,0,0
120878,CORE_BT_493,愤怒的女祭司,随从,7,是,1,0,0,0,1,0,0,0,0,0
126887,CORE_CATA_001,提克迪奥斯,随从,9,是,1,0,0,0,0,1,0,0,0,0
118192,TLC_461,拾荒清道夫,随从,1,是,1,0,0,0,0,1,1,0,0,0
123398,CATA_484,冬泉雏龙,随从,1,是,1,0,0,0,0,1,0,0,0,0
130441,BE_150,线圈携载机,随从,2,是,1,0,0,0,0,1,0,0,0,0
123419,CATA_487,祈雨元素,随从,2,是,1,0,0,1,0,0,0,0,0,0
56439,BT_014,星占师,随从,2,是,1,0,0,0,0,0,0,0,0,0
117535,TLC_226,咒术图书管理员,随从,3,是,1,0,0,1,0,0,1,0,0,0
117307,CORE_EDR_001,呓语魔橱,随从,3,是,1,0,0,0,0,0,0,0,0,0
126355,JAIL_379,尖塔保安,随从,3,是,1,0,0,0,0,0,0,0,0,0
122632,CATA_458,大法师卡雷,随从,4,是,1,0,0,0,0,0,0,0,0,0
123351,CATA_483,不稳定的施法者,随从,4,是,1,0,0,1,0,0,0,0,0,0
115637,FIR_913,地狱火先锋,随从,4,是,1,0,0,0,0,0,1,0,0,0
117531,TLC_220,扫页疾风,随从,4,是,1,0,0,0,0,0,0,0,0,0
129889,BE_270,冰轮法师,随从,5,是,1,0,0,0,0,0,0,0,0,0
129798,BE_256,星界斡旋者,随从,5,是,1,0,0,0,0,0,0,0,0,0
126354,JAIL_123,越狱构造师,随从,5,是,1,0,0,0,0,1,0,0,0,0
120426,CORE_EX1_559,大法师安东尼达斯,随从,7,是,1,0,0,0,0,0,1,0,0,0
123665,CATA_488,沃坎诺斯,随从,7,是,1,0,1,0,1,0,0,0,0,0
129846,CORE_BOT_256,星术师,随从,7,是,1,0,0,0,0,0,0,0,0,0
121189,END_026,虚无残遗,随从,4,是,1,0,0,0,0,0,1,0,0,0
125996,JAIL_380,私运的铁铲,武器,1,是,1,0,0,0,0,0,0,0,0,0
97376,CORE_UNG_912,宝石鹦鹉,随从,1,是,1,0,0,0,0,0,0,0,0,0
118766,DINO_434,迅猛龙巢护工,随从,1,是,1,0,0,0,0,0,0,0,0,0
120788,TIME_601,拾箭龙鹰,随从,2,是,1,0,0,0,0,0,0,0,0,0
117574,TLC_822,恐龙保育师,随从,2,是,1,0,0,0,1,0,0,0,0,0
126299,JAIL_878,警卫犬,随从,2,是,1,0,0,0,0,0,0,0,0,0
119702,TIME_603,计时炸弹,随从,2,是,1,0,0,0,0,0,0,0,0,0
130764,BE_731,原始石牙兽,随从,3,是,0,0,0,0,0,0,0,0,0,0
129820,BE_552,喷火器,武器,3,是,1,1,0,0,0,0,0,1,1,0
55294,DRG_254,始生龙探险者,随从,3,是,1,0,0,0,0,1,0,0,0,0
132177,BE_900,机轮车,随从,4,是,1,0,0,0,0,0,0,0,0,0
102191,CORE_DRG_256,灭龙弩炮,随从,4,是,1,0,0,0,0,0,0,0,0,0
126891,CORE_TRL_900,哈尔拉兹，山猫之神,随从,4,是,1,0,0,0,0,0,0,0,0,0
123488,MEND_301,灵语猎手,随从,4,是,1,0,0,0,0,1,0,0,0,0
63461,BAR_551,巴拉克·科多班恩,随从,5,是,1,0,0,0,0,0,0,0,0,0
114857,EDR_853,布罗尔·熊皮,随从,5,是,1,0,0,0,0,0,1,0,0,0
113371,EDR_014,茏葱梦刃豹,随从,5,是,1,0,0,1,0,0,0,0,0,0
121157,END_015,三纪暴龙,随从,5,是,1,0,0,0,0,0,0,0,0,0
115960,FIR_960,龙裔护育师,随从,5,是,1,0,0,0,0,0,0,0,0,0
129792,BE_550,坦克战团,随从,6,是,1,0,0,0,0,0,0,0,0,0
119703,TIME_605,纪元追猎者,随从,6,是,1,0,0,1,0,0,0,0,0,0
117038,CORE_AV_337,山岭野熊,随从,7,是,1,0,0,0,0,0,0,0,0,0
115751,FIR_953,熔岩猎犬,随从,8,是,1,0,0,0,0,0,0,0,0,0
121153,END_013,戮屠末日巨口,随从,3,是,1,0,0,0,0,1,0,0,0,0
129166,CORE_RLK_814,异教水晶工匠,随从,1,是,1,0,0,1,0,0,0,0,0,0
95746,CORE_ICC_210,暗影升腾者,随从,2,是,1,0,0,0,1,0,0,0,0,0
122881,CATA_304,受伤的侍者,随从,3,是,1,0,1,0,0,0,0,0,0,0
120547,TIME_037,白鸽学徒,随从,3,是,1,0,0,0,0,0,0,0,0,0
117312,TLC_814,暮光治愈者,随从,3,是,1,0,0,0,0,0,0,0,0,0
114308,EDR_462,逐月幼龙,随从,4,是,1,0,0,0,1,0,0,0,0,0
122878,CATA_305,盛怒主母,随从,4,是,1,0,0,1,1,0,0,0,0,0
129172,CORE_BAR_313,安瑟祭司,随从,5,是,1,0,0,1,0,0,0,0,0,0
120787,CORE_BAR_310,光沐元素,随从,6,是,1,0,0,0,0,0,0,0,0,0
122755,CATA_300,黑血,随从,7,是,1,0,1,1,0,0,0,0,0,0
114326,EDR_464,泰兰德,随从,7,是,1,0,0,0,0,0,0,0,0,0
124079,JAIL_912,预言师,随从,7,是,1,0,1,0,0,0,0,0,0,0
130000,BE_790,泽奥图,随从,8,是,0,0,0,0,0,0,0,0,0,0
118656,DINO_431,擎天雷龙,随从,8,是,1,0,0,0,0,0,0,0,0,0
95732,CORE_ICC_214,黑曜石雕像,随从,9,是,1,0,0,0,0,0,0,0,0,0
69742,CORE_KAR_069,吹嘘海盗,随从,1,是,1,0,0,0,0,0,0,0,0,0
115612,EDR_540,扭曲的织网蛛,随从,2,是,1,0,0,0,0,0,0,0,0,0
39026,OG_330,幽暗城商贩,随从,2,是,1,0,0,0,0,0,0,0,0,0
120571,CORE_EX1_131,迪菲亚头目,随从,2,是,1,0,0,0,0,0,0,0,0,0
126221,JAIL_720,玉莲帮荷官,随从,2,是,1,0,0,0,0,0,0,1,0,0
127054,CAP_003,军情七处补给官,随从,2,是,1,0,0,0,0,0,0,0,0,1
120463,CORE_CFM_781,收集者沙库尔,随从,3,是,1,0,0,0,0,0,0,0,0,1
130113,BE_723,游荡巡逻者,随从,4,是,1,0,0,0,0,0,0,0,0,0
127056,CAP_005,马迪亚斯·肖尔,随从,4,是,1,0,0,0,0,0,0,0,0,0
119532,TLC_522,潜踪大师奥普,随从,6,是,1,0,0,0,0,0,0,0,0,0
117612,TLC_225,烬鳍鱼人,随从,2,是,1,0,0,0,0,0,0,0,0,0
120437,TIME_213,始源监督者,随从,2,是,1,0,0,1,0,0,0,0,0,0
115656,FIR_927,烬鳞雏龙,随从,3,是,1,0,0,0,0,0,0,0,0,0
130871,BE_349,附眼战槌,武器,4,是,1,1,0,0,0,0,0,0,1,0
119686,TIME_013,先知者沃,随从,4,是,1,0,0,0,0,1,1,0,0,0
127688,JAIL_457,被破解的安保机器人,随从,4,是,1,0,1,0,0,0,0,0,0,0
127407,CORE_CATA_004,雷加尔·大地之怒,随从,5,是,1,0,0,0,0,0,0,0,0,1
114280,EDR_230,豆蔓蛮兵,随从,5,是,1,0,0,0,0,0,0,0,0,0
126892,CORE_OG_031,暮光神锤,武器,5,是,1,1,0,0,0,0,0,0,0,0
131010,BE_337,地母塞拉赞恩,随从,6,是,1,0,0,0,0,0,0,0,0,0
113434,EDR_031,欧恩哈拉,随从,9,是,1,0,0,0,1,0,0,0,0,0
117294,FIR_778,毁灭化身,随从,9,是,1,0,0,0,0,0,0,0,0,0
129131,BE_152,太阳舞者,随从,2,是,1,0,0,0,1,1,0,0,0,0
115972,FIR_961,灰叶树精,随从,2,是,1,0,0,1,0,0,0,0,0,0
128336,CORE_ONY_022,武装教士,随从,2,是,1,0,0,0,0,1,0,0,0,0
123620,MEND_800,莽撞的战场军官,随从,2,是,1,0,0,0,0,0,0,0,0,0
118410,DINO_404,火鳃鱼人,随从,2,是,1,0,0,1,0,1,0,0,0,0
102196,CORE_CFM_753,污手街供货商,随从,2,是,1,0,0,0,0,0,0,0,0,0
126618,JAIL_328,血色斗士,随从,2,是,1,0,0,0,0,0,0,0,0,0
130820,CORE_GVG_059,齿轮光锤,武器,3,是,1,1,0,0,0,0,0,0,0,0
123621,MEND_801,坚定的救援者,随从,3,是,1,0,0,0,0,0,0,0,0,0
130580,CORE_BAR_878,战地医师老兵,随从,4,是,1,0,0,0,0,0,1,0,0,0
120011,TIME_019,时间流具象,随从,4,是,1,0,0,0,0,0,0,0,0,0
123112,CATA_474,矛心哨卫,随从,4,是,1,0,0,0,1,0,0,1,0,0
114632,EDR_253,巨熊之槌,武器,4,是,1,1,0,0,0,0,0,0,1,0
100984,TTN_907,星界翔龙,随从,4,是,1,0,0,0,1,0,0,0,0,0
123123,CATA_478,青铜救赎者,随从,5,是,1,0,0,1,1,0,0,0,0,0
123623,MEND_803,砺胆重剑,武器,5,是,1,1,0,0,0,0,0,0,0,0
129847,CORE_SW_047,大领主弗塔根,随从,6,是,1,0,0,0,0,0,0,0,0,0
123114,CATA_475,破鳞盾卫,随从,6,是,1,0,0,0,1,0,0,0,0,0
69613,CORE_EX1_383,提里奥·弗丁,随从,8,是,1,0,0,0,0,0,0,0,0,0
115039,EDR_485,腐心树妖,随从,1,是,1,0,0,0,0,0,0,0,0,0
117061,CORE_YOD_026,邪魔仆从,随从,1,是,1,0,0,0,0,0,0,0,0,0
69636,CORE_EX1_319,烈焰小鬼,随从,1,是,1,0,1,0,0,0,0,0,0,0
95710,CORE_ICC_407,侏儒吸血鬼,随从,2,是,1,0,0,0,0,0,0,0,0,0
120467,CORE_WON_096,黑市摊贩,随从,2,是,1,0,0,0,0,1,0,0,0,0
117890,TLC_450,洞穴专家,随从,2,是,1,0,0,0,0,0,0,0,0,0
117060,CORE_LOOT_013,粗俗的矮劣魔,随从,2,是,1,0,1,0,0,0,0,0,0,0
126135,JAIL_513,笼中颅骨,随从,3,是,1,0,0,1,0,0,0,0,0,0
115754,FIR_955,烬根毁灭者,随从,3,是,1,0,0,0,0,0,0,0,0,0
118282,TLC_469,坑道恐怪,随从,3,是,1,0,0,0,0,0,0,0,0,0
115651,FIR_924,影焰猎豹,随从,4,是,1,0,0,0,0,1,0,0,0,0
111457,CORE_EX1_310,末日守卫,随从,5,是,1,0,0,0,0,0,0,0,0,0
119789,TLC_479,死烂巨口,随从,6,是,1,0,0,0,0,0,0,0,0,0
69637,CORE_EX1_323,加拉克苏斯大王,英雄,8,是,1,1,0,0,0,0,0,0,0,0
118497,DINO_132,绝息剑龙,随从,8,是,1,0,0,0,1,0,0,0,0,0
126893,CORE_LOOT_368,虚空领主,随从,9,是,1,0,0,0,0,0,0,0,0,0
121166,END_019,末世幸存者,随从,5,是,1,0,0,1,0,0,0,0,0,0
120481,TIME_613,时空冰封勇士,随从,1,是,1,0,0,0,0,0,0,0,0,0
116296,EDR_816,怪异魔蚊,随从,1,是,1,0,0,0,1,0,0,0,0,0
122759,CATA_464,黑翼实验品,随从,2,是,1,0,0,0,0,0,0,0,0,0
117027,CORE_RLK_083,死亡寒冰,随从,2,是,1,0,0,0,0,0,1,0,0,0
111320,CORE_RLK_066,鲜血魔术师,随从,2,是,1,0,0,0,0,1,0,0,0,0
78353,RLK_061,战场通灵师,随从,2,是,1,0,0,0,1,0,0,0,0,0
126502,JAIL_450,残骸大炮,武器,2,是,1,1,0,0,0,0,0,0,1,0
81972,RLK_511,寒冬先锋,随从,2,是,1,0,0,0,0,0,0,0,0,0
118765,CORE_EDR_003,法瑞克,随从,3,是,1,0,0,0,0,0,0,0,0,0
120658,TLC_EVENT_402,末日使者之杖,武器,3,是,1,1,0,0,0,0,0,0,0,0
111318,CORE_RLK_121,死亡侍僧,随从,3,是,1,0,0,0,0,0,0,0,0,0
80647,RLK_708,堕寒男爵,随从,3,是,1,0,0,0,0,0,0,0,0,0
117666,TLC_443,不情愿的饲养员,随从,3,是,1,0,0,0,0,0,0,0,0,0
126365,JAIL_446,鲜血医师萨安娜,随从,4,是,1,1,0,0,0,0,0,0,0,0
86731,RLK_223,萨萨里安,随从,4,是,1,0,0,0,0,0,0,0,0,0
122771,CATA_469,多彩龙巢母,随从,4,是,1,0,0,0,0,1,0,0,0,1
126252,JAIL_440,累叠食尸鬼,随从,4,是,1,0,0,0,0,0,0,0,0,0
131157,BE_749,萨恩诺斯巨兽,随从,5,是,1,0,0,0,0,0,0,0,0,0
115625,FIR_901,霜灼巢母,随从,5,是,1,0,0,0,0,0,0,0,0,0
118558,DINO_416,空角恐角龙,随从,5,是,1,0,0,1,0,0,0,0,0,0
80819,RLK_720,侏儒嚼嚼怪,随从,6,是,1,0,0,1,1,0,0,0,0,1
121058,END_004,愤怒残魂,随从,7,是,1,0,0,0,0,0,0,0,0,0
126597,JAIL_376,铁球锁链,武器,1,是,1,1,0,0,0,0,0,0,0,0
127088,CORE_DRG_024,空中悍匪,随从,1,是,1,0,0,0,0,0,0,0,0,0
130567,BE_572,托维尔先锋,随从,2,是,1,0,0,0,0,0,0,0,0,0
117918,TLC_623,石雕工匠,随从,2,是,1,0,0,0,1,0,0,0,0,0
114219,EDR_457,龙巢守护者,随从,2,是,1,0,0,0,0,0,0,0,0,0
117771,TLC_606,拉特维亚护甲师,随从,3,是,1,0,0,0,0,0,0,0,0,0
119637,TLC_478,远祖之斧,武器,3,是,1,1,0,0,0,0,0,0,1,0
121171,END_021,次元武器匠,随从,3,是,1,0,0,0,0,0,0,0,0,0
120574,CORE_NX2_028,钩拳-3000型,随从,3,是,1,0,0,0,0,0,0,0,1,0
115755,FIR_956,龙龟,随从,4,是,1,0,0,1,0,1,0,0,0,0
127469,CORE_WW_329,机甲爆王,随从,4,是,1,0,0,0,0,0,0,0,0,0
119780,TIME_871,后世之嗣,随从,5,是,1,0,0,1,0,0,0,0,0,0
126136,JAIL_435,狂乱的猎犬,随从,7,是,1,0,1,1,0,0,0,0,0,0
119783,TIME_872,不败冠军,随从,8,是,1,0,1,0,0,0,0,0,0,0
114353,EDR_471,托尔托拉,随从,10,是,1,0,0,1,0,0,0,0,0,0
129797,BE_255,始生浮龙,随从,1,是,1,0,0,1,0,0,0,0,0,0
131236,BE_207,不稳定的原型机,随从,1,是,1,0,0,0,0,0,0,0,0,0
122933,CATA_556,载蛋雏龙,随从,1,是,1,0,0,0,0,0,0,0,0,0
115938,EDR_971,小动物看护者,随从,1,是,1,0,0,0,1,0,0,0,0,0
118222,TLC_249,炽烈烬火,随从,1,是,1,0,0,0,0,0,0,0,0,0
132135,BE_997,原始熊猫人,随从,2,是,1,0,0,0,0,0,0,0,0,0
102225,CORE_CFM_790,卑劣的脏鼠,随从,2,是,1,0,1,0,0,0,0,0,0,0
76317,CORE_NEW1_021,末日预言者,随从,2,是,1,0,1,0,0,0,0,0,0,0
118257,TLC_254,讲故事的始祖龟,随从,2,是,1,0,0,0,1,0,0,0,0,0
102224,CORE_SCH_713,异教低阶牧师,随从,2,是,1,0,0,1,0,0,0,0,0,0
76321,CORE_NEW1_020,狂野炎术师,随从,2,是,1,0,0,0,0,0,1,0,0,0
114346,EDR_470,树皮盾哨兵,随从,2,是,1,0,0,1,0,0,0,0,0,0
120944,TIME_049,危险的异变体,随从,2,是,1,0,1,1,0,0,0,0,0,0
115364,EDR_530,痴梦树精,随从,2,是,1,0,0,0,1,0,0,0,0,0
118076,CORE_REV_308,迷宫向导,随从,2,是,1,0,0,0,0,0,0,0,0,0
76323,CORE_LOOT_413,硬壳甲虫,随从,2,是,1,0,0,0,0,0,0,0,0,0
120429,CORE_DMF_067,奖品商贩,随从,2,是,1,0,0,0,0,0,0,0,0,0
117381,TLC_427,抛石鱼人,随从,2,是,1,0,0,0,0,0,0,1,0,0
116292,EDR_861,宁静树人,随从,2,是,1,0,0,0,0,0,0,0,0,0
120452,TIME_428,昨日鱼人,随从,2,是,1,0,0,0,1,0,0,0,0,0
132535,BE_008,魔古将领,随从,3,是,1,0,0,0,0,1,0,0,0,0
115174,EDR_780,血蓟幻术师,随从,3,是,1,0,0,1,0,0,0,0,0,0
76316,CORE_EX1_007,苦痛侍僧,随从,3,是,1,0,0,0,0,0,0,0,0,0
86548,CORE_LOE_039,A3型机械金刚,随从,3,是,1,0,0,0,0,1,0,0,0,0
120966,TIME_059,悖论活体,随从,3,是,1,0,0,0,0,0,0,0,0,0
118260,TLC_256,沼地蛇颈龙,随从,3,是,1,0,0,1,0,0,1,0,0,0
102221,CORE_SW_072,锈烂蝰蛇,随从,3,是,1,0,0,0,0,0,0,0,0,0
133415,BE_861,晶石魔像,随从,4,是,1,0,0,0,0,0,0,0,0,0
130815,BE_734,同化软泥怪,随从,4,是,1,0,0,1,0,1,0,0,0,0
113822,EDR_102,狡诈拷问者,随从,4,是,1,0,0,0,0,1,0,0,0,0
126472,JAIL_883,激活的魔像,随从,4,是,1,0,0,1,1,0,0,0,0,0
120979,TIME_062,史书守护者,随从,4,是,1,0,0,1,0,0,0,0,0,0
115867,EDR_942,好奇的积云,随从,4,是,1,0,0,0,1,0,0,0,0,0
120782,TIME_040,消散的回忆,随从,4,是,1,0,0,0,0,0,0,0,0,0
121051,TIME_100,沙漏侍者,随从,4,是,1,0,0,0,1,0,0,0,0,0
115365,EDR_492,鸭妈妈,随从,4,是,1,0,0,0,0,0,0,0,0,0
117383,TLC_429,蒸鳍偷蛋贼,随从,4,是,1,0,0,0,0,0,0,0,0,0
131432,BE_996,锋线铁裔,随从,5,是,1,0,0,1,0,0,0,0,0,0
129093,BE_151,库区守卫,随从,5,是,1,0,0,0,0,0,0,0,0,0
129943,BE_701,OC91战车,随从,5,是,1,0,0,0,0,0,0,0,0,0
66858,CS3_025,伦萨克大王,随从,5,是,1,0,0,0,0,0,0,0,0,1
66856,CS3_024,泰兰·弗丁,随从,5,是,1,0,0,0,0,0,0,0,0,0
120180,CORE_KAR_061,馆长,随从,5,是,1,0,0,0,0,0,0,0,0,0
128053,JAIL_462,跑路狂猪,随从,5,是,1,0,0,1,0,1,0,0,0,0
128058,CATA_999,土石幼龙,随从,5,是,1,0,0,0,1,0,0,0,0,0
120847,TIME_720,青铜龙士兵,随从,5,是,1,0,0,1,0,0,1,0,0,0
120949,TIME_051,永恒龙士兵,随从,5,是,1,0,0,1,0,0,0,0,0,0
128215,BE_204,滑行者巨怪,随从,6,是,1,0,0,0,0,1,0,0,0,0
131418,BE_999,强能机械虎,随从,6,是,1,0,0,1,1,0,0,0,0,1
69667,CORE_EX1_110,凯恩·血蹄,随从,6,是,1,0,0,0,0,0,0,0,0,0
126698,CATA_EVENT_000,始源领主,随从,6,是,1,0,0,0,0,0,0,0,0,0
123995,JAIL_007,下水道小鬼,随从,6,是,1,0,0,0,0,0,0,0,0,0
120506,TIME_035,时间机器,随从,6,是,1,0,0,0,0,0,0,0,0,0
131433,BE_998,猎物搜寻者,随从,7,是,1,0,0,0,0,0,0,0,0,0
120575,CORE_GVG_114,斯尼德的伐木机,随从,7,是,1,0,0,0,0,0,0,0,0,0
122641,CATA_723,龙脉混血兽,随从,7,是,1,0,0,0,0,0,0,0,0,0
131454,BE_994,石头穴居人,随从,8,是,1,0,0,1,0,0,0,0,0,0
120951,TIME_052,琥珀守卫,随从,8,是,1,0,0,0,0,0,0,0,0,0
76327,CORE_UNG_848,始生幼龙,随从,8,是,1,0,0,0,0,0,0,0,0,0
123115,CATA_476,青铜护卫者,随从,8,是,1,0,0,0,1,0,0,0,0,0
119809,TLC_480,克罗格，环形山之王,随从,9,是,1,0,0,0,1,0,0,0,0,0
126210,JAIL_718,黑市拍卖师,随从,9,是,1,0,1,0,0,0,1,0,0,0
121240,CORE_YOP_034,窜逃的黑翼龙,随从,10,是,1,0,0,0,1,0,0,0,0,0
